review,sentiment
greetings and thanks to all bank branch employees. on top of them is the head of the branch,positive
"honestly, the tongue fails to thank the bank without courtesy, and do not flatter this generous and cheerful chest always, may god protect it",positive
"all respect and appreciation to the gentlemen and gentlemen who represent the bank's staff for their high morals and good dealings with all customers, and i wish them more brilliance and success in their tasks",positive
the pinnacle of good morals,positive
greetings to all bank branch team,positive
"the most wonderful bank, excellent treatment and good treatment, thanks",positive
big salute,positive
The head of the branch is also thanked.,positive
The head of the branch is on top of all the employees.,positive
The head of the branch is thanked.,positive
The head of the branch is on top of all the bank branch employees.,positive
The head of the branch is on top of the bank branch employees.,positive
The head of the branch is on top of the employees.,positive
On top of them is the head of the branch.,positive
The head of the branch is thanks to all the bank branch employees.,positive
The head of the branch is thanks to all bank branch employees.,positive
The head of the branch is also a thank you.,positive
"The tongue fails to thank the bank without courtesy, and do not flatter this generous and cheerful chest, may god protect it.",positive
"The tongue fails to thank the bank without courtesy, and do not flatter this generous and cheerful chest.",positive
"The tongue fails to thank the bank without courtesy, and do not flatter this generous and cheerful chest always, may god protect it.",positive
"The tongue fails to thank the bank without courtesy, and do not flatter this generous and cheerful chest always.",positive
"The tongue fails to thank the bank without courtesy, and do not flatter it, may god protect it.",positive
"The tongue fails to thank the bank without courtesy, and do not flatter the generous and cheerful chest, may god protect it.",positive
"The tongue fails to thank the bank without courtesy, and do not flatter the chest, may god protect it.",positive
"The tongue fails to thank the bank without courtesy, and do not flatter the generous and cheerful chest.",positive
"The tongue fails to thank the bank without courtesy, and do not flatter this generous and cheerful chest, may God protect it.",positive
The tongue fails to thank the bank without courtesy and should not flatter the chest.,positive
"All respect and appreciation to the gentlemen and gentlemen who represent the bank's staff for their high morals and good dealings with all customers, and I wish them more brilliance and success in their tasks.",positive
"Thank you to the gentlemen and gentlemen who represent the bank's staff for their high morals and good dealings with all customers, and I wish them more success in their tasks.",positive
"The gentlemen and gentlemen who represent the bank's staff for their high morals and good dealings with all customers, and I wish them more brilliance and success in their tasks.",positive
"All respect and appreciation to the gentlemen and gentlemen who represent the bank's staff for their high morals and good dealings with all customers, and I wish them more success in their tasks.",positive
"Thank you to the gentlemen and gentlemen who represent the bank's staff for their high morals and good dealings with all customers, and I wish them more brilliance and success in their tasks.",positive
"Thank you to the gentlemen and gentlemen who represent the bank's staff for their high morals and good dealings with customers, and I wish them more success in their tasks.",positive
"I want to thank the gentlemen and gentlemen who represent the bank's staff for their high morals and good dealings with all customers, and I wish them more success in their tasks.",positive
"Thank you to the gentlemen and gentlemen who represent the bank's staff for their high morals and good dealings with all customers, and I wish them more success and brilliance in their tasks.",positive
Thank you to the gentlemen and gentlemen who represent the bank's staff for their high morals and good dealings with all customers and I wish them more success in their tasks.,positive
"All respect and appreciation to the gentlemen and gentlemen who represent the bank's staff for their high morals and good dealings with all customers, and I wish them more brilliance and success in their tasks",positive
The top of good morals.,positive
The highest point of good morals.,positive
It's the top of good morals.,positive
It is the top of good morals.,positive
The best of good morals.,positive
The high point of good morals.,positive
Good morals are at the top of the list.,positive
Good morals are at the top.,positive
Good morals are the top of the pyramid.,positive
Good morals are at the top of their game.,positive
Thank you to the bank branch team.,positive
Greetings from the bank branch team.,positive
Greetings to the bank branch team.,positive
Thank you to the bank branch team,positive
greetings to the bank branch team,positive
Greetings to the bank team.,positive
The bank branch team has greetings.,positive
The bank branch team has greetings for them.,positive
Greetings from the bank branch team,positive
"Bank branch team, greetings.",positive
Excellent treatment and the most wonderful bank.,positive
"Excellent treatment and the most wonderful bank, thanks.",positive
"Excellent treatment and the most wonderful bank, thank you.",positive
"Excellent treatment and the most wonderful bank, thanks",positive
"Excellent treatment and a wonderful bank, thanks.",positive
Excellent treatment and the most wonderful bank!,positive
"Excellent treatment, and the most wonderful bank.",positive
Excellent treatment and a wonderful bank.,positive
Excellent treatment and the bank is the most wonderful.,positive
"Excellent treatment and the most wonderful bank, thanks!",positive
It was a big salute.,positive
Huge salute.,positive
There is a big salute.,positive
A big salute.,positive
Big salute.,positive
Thank you big time.,positive
big salute.,positive
The big salute.,positive
Thank you big salute.,positive
A big cheer.,positive
